[
  {
    "id": 1,
    "sku": "EA001",
    "name": "Perlenarmband „Modern Pearl“",
    "kategorie": "Armband",
    "beschreibung": "Perlenarmband „Modern Pearl“ – hochwertig verarbeitet. Hautfreundlich, nickelarm. Perfekt für Alltag & Anlass.",
    "material": "Edelstahl",
    "stein": "",
    "farbe": "Perlmuttweiß",
    "varianten": [
      "16 cm",
      "18 cm"
    ],
    "bilder": [
      "Bilder/abc.jpg"
    ],
    "preis_eur": 39.9,
    "mwst_satz": 0.19,
    "verfuegbar": true,
    "tags": [
      "schmuck",
      "armband",
      "perlmuttweiß"
    ]
  },
  {
    "id": 2,
    "sku": "NK002",
    "name": "Halskette „Floral“",
    "kategorie": "Kette",
    "beschreibung": "Halskette „Floral“ – hochwertig verarbeitet. Hautfreundlich, nickelarm. Perfekt für Alltag & Anlass.",
    "material": "Sterlingsilber 925",
    "stein": "Zirkonia",
    "farbe": "Silber",
    "varianten": [
      "40 cm",
      "45 cm"
    ],
    "bilder": [
      "Bilder/Blume-anhaenger-geschenk-schmuck-schoschon-floral-minimalistisch.jpg"
    ],
    "preis_eur": 59.0,
    "mwst_satz": 0.19,
    "verfuegbar": true,
    "tags": [
      "schmuck",
      "kette",
      "silber"
    ]
  },
  {
    "id": 3,
    "sku": "RG003",
    "name": "Ring „Minimal“",
    "kategorie": "Ring",
    "beschreibung": "Ring „Minimal“ – hochwertig verarbeitet. Hautfreundlich, nickelarm. Perfekt für Alltag & Anlass.",
    "material": "Sterlingsilber 925",
    "stein": "",
    "farbe": "Silber",
    "varianten": [
      "52",
      "54",
      "56",
      "58"
    ],
    "bilder": [
      "Bilder/DE_Jewellery_Necklaces.jpg"
    ],
    "preis_eur": 49.0,
    "mwst_satz": 0.19,
    "verfuegbar": true,
    "tags": [
      "schmuck",
      "ring",
      "silber"
    ]
  },
  {
    "id": 4,
    "sku": "OH004",
    "name": "Ohrringe „Classic Drop“",
    "kategorie": "Ohrringe",
    "beschreibung": "Ohrringe „Classic Drop“ – hochwertig verarbeitet. Hautfreundlich, nickelarm. Perfekt für Alltag & Anlass.",
    "material": "Vergoldet 18K",
    "stein": "Zirkonia",
    "farbe": "Gold",
    "varianten": [],
    "bilder": [
      "Bilder/Download3.png"
    ],
    "preis_eur": 45.0,
    "mwst_satz": 0.19,
    "verfuegbar": true,
    "tags": [
      "schmuck",
      "ohrringe",
      "gold"
    ]
  },
  {
    "id": 5,
    "sku": "NK005",
    "name": "Halskette „Pearl Line“",
    "kategorie": "Kette",
    "beschreibung": "Halskette „Pearl Line“ – hochwertig verarbeitet. Hautfreundlich, nickelarm. Perfekt für Alltag & Anlass.",
    "material": "Vergoldet 18K",
    "stein": "Süßwasserperle",
    "farbe": "Gold",
    "varianten": [
      "42 cm",
      "50 cm"
    ],
    "bilder": [
      "Bilder/Download4.png"
    ],
    "preis_eur": 69.0,
    "mwst_satz": 0.19,
    "verfuegbar": true,
    "tags": [
      "schmuck",
      "kette",
      "gold"
    ]
  },
  {
    "id": 6,
    "sku": "EA006",
    "name": "Lederarmband „Urban“",
    "kategorie": "Armband",
    "beschreibung": "Lederarmband „Urban“ – hochwertig verarbeitet. Hautfreundlich, nickelarm. Perfekt für Alltag & Anlass.",
    "material": "Edelstahl & Leder",
    "stein": "",
    "farbe": "Schwarz",
    "varianten": [
      "17 cm",
      "19 cm"
    ],
    "bilder": [
      "Bilder/images5.png"
    ],
    "preis_eur": 35.0,
    "mwst_satz": 0.19,
    "verfuegbar": true,
    "tags": [
      "schmuck",
      "armband",
      "schwarz"
    ]
  },
  {
    "id": 7,
    "sku": "RG007",
    "name": "Ring „Twist“",
    "kategorie": "Ring",
    "beschreibung": "Ring „Twist“ – hochwertig verarbeitet. Hautfreundlich, nickelarm. Perfekt für Alltag & Anlass.",
    "material": "Vergoldet 18K",
    "stein": "",
    "farbe": "Gold",
    "varianten": [
      "52",
      "54",
      "56"
    ],
    "bilder": [
      "Bilder/imgres.jpg"
    ],
    "preis_eur": 55.0,
    "mwst_satz": 0.19,
    "verfuegbar": true,
    "tags": [
      "schmuck",
      "ring",
      "gold"
    ]
  },
  {
    "id": 8,
    "sku": "OH008",
    "name": "Creolen „Daily“",
    "kategorie": "Ohrringe",
    "beschreibung": "Creolen „Daily“ – hochwertig verarbeitet. Hautfreundlich, nickelarm. Perfekt für Alltag & Anlass.",
    "material": "Edelstahl",
    "stein": "",
    "farbe": "Silber",
    "varianten": [],
    "bilder": [
      "Bilder/JGA-Schmuck-Workshop-Hannover.webp"
    ],
    "preis_eur": 29.0,
    "mwst_satz": 0.19,
    "verfuegbar": true,
    "tags": [
      "schmuck",
      "ohrringe",
      "silber"
    ]
  },
  {
    "id": 9,
    "sku": "NK009",
    "name": "Halskette „Heart“",
    "kategorie": "Kette",
    "beschreibung": "Halskette „Heart“ – hochwertig verarbeitet. Hautfreundlich, nickelarm. Perfekt für Alltag & Anlass.",
    "material": "Sterlingsilber 925",
    "stein": "Zirkonia",
    "farbe": "Silber",
    "varianten": [
      "45 cm"
    ],
    "bilder": [
      "Bilder/JGA-Schmuck-Workshop-in-Hannover-block.jpg"
    ],
    "preis_eur": 62.0,
    "mwst_satz": 0.19,
    "verfuegbar": true,
    "tags": [
      "schmuck",
      "kette",
      "silber"
    ]
  },
  {
    "id": 10,
    "sku": "EA010",
    "name": "Armreif „Open End“",
    "kategorie": "Armband",
    "beschreibung": "Armreif „Open End“ – hochwertig verarbeitet. Hautfreundlich, nickelarm. Perfekt für Alltag & Anlass.",
    "material": "Sterlingsilber 925",
    "stein": "",
    "farbe": "Silber",
    "varianten": [
      "S",
      "M",
      "L"
    ],
    "bilder": [
      "Bilder/Modern-Pearl-Armband.jpg"
    ],
    "preis_eur": 75.0,
    "mwst_satz": 0.19,
    "verfuegbar": true,
    "tags": [
      "schmuck",
      "armband",
      "silber"
    ]
  },
  {
    "id": 11,
    "sku": "RG011",
    "name": "Ring „Pearl Duo“",
    "kategorie": "Ring",
    "beschreibung": "Ring „Pearl Duo“ – hochwertig verarbeitet. Hautfreundlich, nickelarm. Perfekt für Alltag & Anlass.",
    "material": "Vergoldet 18K",
    "stein": "Süßwasserperle",
    "farbe": "Gold",
    "varianten": [
      "54",
      "56"
    ],
    "bilder": [
      "Bilder/abc.jpg"
    ],
    "preis_eur": 79.0,
    "mwst_satz": 0.19,
    "verfuegbar": true,
    "tags": [
      "schmuck",
      "ring",
      "gold"
    ]
  },
  {
    "id": 12,
    "sku": "OH012",
    "name": "Ohrringe „Floral“",
    "kategorie": "Ohrringe",
    "beschreibung": "Ohrringe „Floral“ – hochwertig verarbeitet. Hautfreundlich, nickelarm. Perfekt für Alltag & Anlass.",
    "material": "Sterlingsilber 925",
    "stein": "Zirkonia",
    "farbe": "Silber",
    "varianten": [],
    "bilder": [
      "Bilder/Blume-anhaenger-geschenk-schmuck-schoschon-floral-minimalistisch.jpg"
    ],
    "preis_eur": 42.0,
    "mwst_satz": 0.19,
    "verfuegbar": true,
    "tags": [
      "schmuck",
      "ohrringe",
      "silber"
    ]
  }
]